latitude,longitude,accident_severity,road_condition,weather,time_of_day
37.874540118847364,-122.31486707116139,Minor,Dry,Clear,Afternoon
38.450714306409914,-121.95809905262165,Minor,Wet,Rainy,Afternoon
38.2319939418114,-121.62705416412359,Severe,Dry,Rainy,Night
38.09865848419704,-121.76777511359045,Minor,Dry,Clear,Afternoon
37.65601864044244,-121.69343885213856,Minor,Dry,Clear,Night
37.6559945203362,-121.84121663328928,Moderate,Wet,Clear,Morning
37.5580836121682,-121.80772343548215,Minor,Wet,Clear,Evening
38.366176145774936,-121.65080434843468,Moderate,Dry,Clear,Night
38.10111501174321,-122.25033199114081,Minor,Dry,Rainy,Morning
38.208072577796045,-122.01057503635685,Minor,Dry,Clear,Afternoon
37.520584494295804,-122.2787905581804,Minor,Dry,Clear,Morning
38.469909852162,-121.51233199200335,Minor,Dry,Clear,Evening
38.33244264080042,-121.55594066031338,Severe,Dry,Rainy,Afternoon
37.71233911067828,-122.4605731886315,Minor,Dry,Clear,Evening
37.6818249672071,-121.7944248274843,Minor,Dry,Rainy,Morning
37.68340450985343,-121.57475168258433,Minor,Dry,Clear,Morning
37.80424224295954,-122.31942465487266,Minor,Wet,Foggy,Morning
38.02475643163224,-121.93205476944738,Moderate,Dry,Foggy,Afternoon
37.93194501864212,-121.58451170241196,Minor,Dry,Clear,Afternoon
37.79122914019804,-122.4660540214142,Moderate,Wet,Clear,Night
38.11185289472238,-121.80257973275316,Severe,Dry,Clear,Evening
37.63949386065204,-122.20265099262745,Minor,Dry,Clear,Afternoon
37.79214464853522,-121.57560380462347,Severe,Dry,Rainy,Night
37.86636184329369,-121.52894175483463,Minor,Dry,Rainy,Evening
37.95606998421704,-121.55573351088657,Minor,Dry,Rainy,Night
38.285175961393016,-122.02578578334254,Minor,Dry,Rainy,Afternoon
37.69967378215836,-121.63795734901069,Moderate,Wet,Clear,Morning
38.01423443841361,-121.65545060146493,Severe,Dry,Clear,Morning
38.09241456886204,-122.18089952675675,Minor,Dry,Rainy,Evening
37.54645041272,-121.67108452584932,Moderate,Dry,Clear,Morning
38.10754485190144,-122.4629923652845,Minor,Dry,Rainy,Afternoon
37.670524123687294,-121.90373012151795,Minor,Dry,Clear,Afternoon
37.56505159298528,-122.2699911627123,Minor,Wet,Clear,Afternoon
38.44888553725333,-122.37943311422272,Severe,Dry,Snowy,Evening
38.465632033074556,-122.42304679837079,Moderate,Dry,Clear,Morning
38.30839734811646,-121.80371122412186,Minor,Dry,Snowy,Afternoon
37.80461376917337,-122.16012503623193,Minor,Dry,Snowy,Evening
37.597672114006386,-121.77523322847124,Minor,Icy,Rainy,Night
38.18423302651216,-122.43464365920106,Minor,Dry,Rainy,Evening
37.9401524937396,-122.1847096621694,Minor,Dry,Clear,Night
37.62203823484478,-121.96050870762467,Moderate,Dry,Foggy,Evening
37.99517691011127,-121.70927683516103,Minor,Icy,Clear,Afternoon
37.53438852111522,-122.18124749706793,Minor,Dry,Clear,Morning
38.409320402078784,-121.87410862356299,Minor,Dry,Rainy,Evening
37.758779981600014,-121.61402225176381,Moderate,Wet,Clear,Evening
38.16252228435398,-121.8841368118177,Moderate,Wet,Clear,Evening
37.81171107608941,-122.26704052524637,Minor,Dry,Clear,Afternoon
38.02006802117781,-122.47559921844346,Moderate,Dry,Clear,Afternoon
38.04671027934328,-121.62990112609907,Minor,Dry,Foggy,Afternoon
37.684854455525524,-122.4787305891496,Minor,Dry,Clear,Afternoon
38.46958462776456,-121.6252983273158,Minor,Dry,Foggy,Morning
38.27513282336111,-121.97106286597278,Minor,Dry,Rainy,Night
38.43949894156419,-121.5609323014871,Minor,Dry,Rainy,Morning
38.39482735042765,-121.70121676422633,Severe,Dry,Clear,Morning
38.097899978811085,-121.50206588946666,Moderate,Dry,Rainy,Afternoon
38.42187423502312,-122.14928818454828,Moderate,Icy,Clear,Evening
37.58849250205192,-121.73281171106888,Minor,Dry,Rainy,Afternoon
37.69598286241914,-122.09806908639075,Minor,Dry,Clear,Morning
37.54522728891054,-122.02012437969609,Moderate,Dry,Foggy,Afternoon
37.825330330763265,-121.87249453678163,Minor,Icy,Snowy,Afternoon
37.88867728968948,-121.62632288581366,Minor,Dry,Clear,Night
37.771349031773894,-121.51591653080071,Minor,Dry,Clear,Night
38.32873750915193,-121.73172658613548,Moderate,Dry,Rainy,Afternoon
37.85675332669359,-122.08223321783267,Minor,Dry,Clear,Afternoon
37.780934509687384,-122.07864299772292,Minor,Dry,Foggy,Evening
38.04269608315825,-121.76241769841111,Moderate,Dry,Clear,Morning
37.64092422497476,-122.2612228542317,Minor,Dry,Clear,Afternoon
38.30219698075404,-122.38952588686861,Minor,Icy,Snowy,Afternoon
37.57455064367977,-122.14537784235922,Minor,Dry,Rainy,Night
38.48688693660052,-122.21276100834592,Minor,Dry,Rainy,Morning
38.272244769296655,-122.20369187954401,Moderate,Wet,Clear,Afternoon
37.698715681534175,-122.26639224895008,Minor,Dry,Rainy,Evening
37.505522117123604,-122.45790681036364,Minor,Dry,Clear,Afternoon
38.31546142845483,-122.48212606526658,Moderate,Dry,Rainy,Morning
38.20685734384762,-121.51227761026396,Moderate,Dry,Rainy,Night
38.22900716804099,-122.07222686626413,Moderate,Wet,Clear,Afternoon
38.271270346685945,-122.11567335284032,Minor,Wet,Clear,Evening
37.57404465173409,-121.82035271730693,Minor,Dry,Clear,Morning
37.858465728544274,-122.28174611213494,Severe,Dry,Rainy,Afternoon
37.61586905952513,-121.55003881604978,Moderate,Wet,Clear,Afternoon
38.36310342587559,-121.71365498558445,Minor,Wet,Rainy,Morning
38.12329812682756,-122.41058899768774,Minor,Wet,Clear,Morning
37.83089802485265,-122.08241922421507,Minor,Dry,Rainy,Night
37.56355835028602,-121.62088169243783,Severe,Dry,Rainy,Morning
37.81098232171566,-121.5552679777086,Minor,Wet,Clear,Morning
37.825183322026746,-122.03259848875012,Minor,Dry,Clear,Afternoon
38.22960617833807,-121.88658861078929,Minor,Dry,Clear,Evening
38.137557471355215,-122.33296605390792,Moderate,Dry,Rainy,Morning
38.387212742576324,-121.50883137386302,Moderate,Dry,Rainy,Afternoon
37.97221492516195,-122.26832829861655,Minor,Dry,Clear,Morning
37.6195942459383,-121.55726822586487,Moderate,Dry,Rainy,Morning
38.213244787223,-121.85035335100763,Severe,Icy,Clear,Morning
38.260785048616896,-121.89226320512114,Minor,Dry,Clear,Night
38.061277197569495,-121.9873114889835,Minor,Wet,Foggy,Morning
38.27096717995456,-122.26933018828224,Minor,Dry,Clear,Morning
37.99379559636439,-122.3234719679945,Moderate,Dry,Clear,Afternoon
38.022732829381994,-122.27951379092983,Minor,Icy,Clear,Night
37.927541018358546,-122.31356173785575,Moderate,Dry,Clear,Morning
37.5254191267441,-121.72041552643324,Moderate,Dry,Clear,Afternoon
37.607891426993305,-122.14987474083327,Minor,Dry,Clear,Morning
37.53142918568673,-122.4421573234366,Severe,Dry,Rainy,Afternoon
38.13641041126378,-121.53089736985919,Minor,Wet,Clear,Afternoon
37.814355981076325,-121.61621411503657,Minor,Wet,Clear,Afternoon
38.0085706911647,-121.57224771680478,Moderate,Dry,Clear,Afternoon
38.407566473926096,-121.50509217735356,Moderate,Dry,Clear,Afternoon
37.74929222914888,-122.32610475078052,Minor,Dry,Rainy,Morning
37.91038292303563,-122.10375798109735,Moderate,Wet,Snowy,Afternoon
38.25555113854305,-121.74176152429591,Severe,Dry,Clear,Morning
37.728798165491625,-121.8039793819462,Minor,Dry,Foggy,Evening
37.57697990982879,-122.34610409366014,Severe,Dry,Clear,Night
37.78975145291377,-121.68416687500938,Minor,Dry,Clear,Night
37.661221287254,-122.27555942816333,Minor,Dry,Clear,Night
38.429697652342576,-122.27618238517738,Minor,Wet,Clear,Evening
38.308120379564414,-121.96302557710659,Moderate,Dry,Clear,Evening
38.133403756510425,-121.90706006515829,Moderate,Dry,Rainy,Morning
38.371460590187716,-121.91991379216219,Minor,Wet,Clear,Evening
38.30367207689911,-122.40851316260225,Minor,Wet,Foggy,Afternoon
37.68657005888603,-121.62253913736961,Moderate,Dry,Clear,Afternoon
38.392558998489974,-122.2343999574113,Minor,Dry,Clear,Evening
38.03934224191565,-122.3704850787172,Moderate,Dry,Rainy,Morning
38.30744015516406,-121.61125192013102,Moderate,Dry,Clear,Afternoon
38.39609129992349,-121.54434850177024,Minor,Dry,Clear,Night
37.81800347497187,-121.63787238273454,Severe,Dry,Rainy,Morning
37.610051924527674,-121.69048392527512,Minor,Dry,Foggy,Afternoon
37.72793516254194,-121.84475801936098,Severe,Wet,Rainy,Night
37.92710778862626,-121.94914262939086,Moderate,Dry,Rainy,Evening
38.31801476592249,-122.41301324008859,Moderate,Dry,Rainy,Afternoon
38.36073058325634,-122.0915467869293,Minor,Dry,Foggy,Morning
37.50695213053119,-122.1273114829877,Moderate,Icy,Clear,Afternoon
38.01074730257756,-122.24024621623967,Minor,Wet,Clear,Night
37.91741100314878,-121.77657988631141,Minor,Wet,Clear,Afternoon
37.72210781047073,-122.00412426492123,Minor,Wet,Clear,Afternoon
37.61986536733368,-122.41895378409235,Minor,Wet,Rainy,Morning
37.83761517140363,-122.27981679805019,Minor,Dry,Rainy,Morning
38.44290970391252,-121.8167412363404,Moderate,Dry,Clear,Night
37.823202932020756,-122.4238691405097,Moderate,Dry,Clear,Afternoon
38.01879062174336,-121.64879308595123,Minor,Wet,Rainy,Evening
38.20301895889518,-122.00485347298603,Moderate,Wet,Clear,Morning
37.86362960237929,-122.01941342267335,Minor,Dry,Rainy,Evening
38.471782082720964,-121.90759221534049,Moderate,Dry,Clear,Night
38.46244729494211,-121.67531903407485,Moderate,Dry,Clear,Afternoon
37.751782295825365,-122.15219079209781,Minor,Wet,Clear,Morning
37.99724850589239,-121.82198384744093,Moderate,Dry,Clear,Afternoon
37.80087830981677,-121.93426803600421,Minor,Dry,Rainy,Evening
37.78484049437747,-122.23297172983058,Minor,Dry,Foggy,Afternoon
37.53688694735453,-121.62137001364484,Moderate,Dry,Rainy,Night
38.1095643339799,-121.70257397839308,Minor,Wet,Clear,Evening
38.002679023228865,-121.84154816534158,Minor,Dry,Clear,Night
37.55147875124999,-121.64941827090576,Minor,Wet,Rainy,Evening
37.77864646423661,-121.6327057990402,Moderate,Dry,Rainy,Morning
38.40826588596666,-121.79163702328496,Minor,Dry,Clear,Afternoon
37.73956189066697,-121.66298667163633,Minor,Dry,Clear,Morning
37.64489487209122,-121.80252853833072,Moderate,Wet,Rainy,Night
37.989452760277565,-121.8198592282397,Moderate,Dry,Clear,Evening
38.4856504541106,-121.88138862178482,Minor,Dry,Clear,Evening
37.742055271511504,-121.74728336044235,Minor,Dry,Clear,Afternoon
38.17213554740588,-122.34139489470692,Minor,Wet,Clear,Morning
38.26161961532872,-121.61912924080107,Minor,Dry,Foggy,Evening
37.7376375439924,-121.62815647225477,Minor,Wet,Snowy,Afternoon
38.22821634861186,-122.47075271696544,Moderate,Dry,Clear,Morning
37.867783132719254,-121.67418324943523,Moderate,Dry,Clear,Evening
38.13230583059358,-122.37113013252656,Moderate,Dry,Clear,Morning
38.1335297107609,-122.16488114574086,Minor,Dry,Clear,Afternoon
38.03577468407476,-121.7564917437084,Moderate,Dry,Clear,Afternoon
37.59028977005441,-122.3392401039517,Minor,Dry,Rainy,Morning
38.33530249558924,-121.68203297588094,Severe,Dry,Clear,Night
37.820780064971736,-121.66786582204226,Moderate,Wet,Clear,Morning
37.68651851039986,-121.99253226623917,Minor,Dry,Clear,Morning
37.54077514155476,-122.49361412828317,Moderate,Wet,Clear,Morning
38.090892943188244,-122.21296186682508,Minor,Dry,Clear,Evening
38.17756436184228,-121.88307308162426,Moderate,Dry,Clear,Afternoon
37.516587828927854,-121.51881382197257,Minor,Dry,Snowy,Afternoon
38.01209305829928,-121.86818647298333,Minor,Dry,Clear,Morning
37.72649577519794,-122.24019641893584,Moderate,Dry,Clear,Morning
38.14517279040945,-121.86599429690038,Minor,Dry,Foggy,Afternoon
37.67436642900499,-121.96001462028414,Moderate,Dry,Snowy,Night
38.19093773810246,-121.72015460484886,Minor,Dry,Clear,Night
37.88673534630054,-122.39301936117305,Moderate,Wet,Rainy,Morning
38.43672998873674,-121.73897209749798,Moderate,Wet,Clear,Afternoon
37.63752094414599,-121.95873342132388,Minor,Dry,Clear,Night
37.84106635105026,-121.537007996141,Minor,Dry,Clear,Afternoon
37.613473521240586,-122.15812783396132,Minor,Dry,Rainy,Night
38.42469361827856,-121.86737810686606,Minor,Dry,Rainy,Morning
38.37733935338098,-121.56797189448999,Minor,Dry,Clear,Night
37.757941627715155,-122.39749027200932,Moderate,Dry,Clear,Evening
38.15998404603418,-121.56277151276355,Severe,Dry,Rainy,Night
38.317222200201215,-121.81211427769918,Moderate,Dry,Clear,Evening
38.05520081159946,-122.43216294089483,Moderate,Dry,Clear,Afternoon
38.029650578356005,-122.19903643305318,Moderate,Wet,Rainy,Night
37.741852290900454,-121.79182791135472,Moderate,Wet,Rainy,Morning
37.5931027678059,-122.43264939853123,Minor,Dry,Rainy,Afternoon
38.397215757953326,-121.91782953982373,Severe,Wet,Foggy,Evening
38.40041805716333,-122.15411694304704,Moderate,Icy,Clear,Evening
38.13310145727327,-121.87908448223253,Minor,Dry,Rainy,Night
37.8390297910487,-122.45425796618748,Minor,Dry,Rainy,Morning
37.84920957461266,-121.62846319384762,Minor,Dry,Clear,Evening
38.22595567887024,-121.5265110308226,Minor,Wet,Clear,Evening
38.397110259952576,-121.5311221447143,Moderate,Wet,Clear,Morning
38.38708642426512,-121.75034816825708,Minor,Dry,Clear,Afternoon
38.27987554585762,-122.36991375986936,Minor,Dry,Rainy,Morning
38.14203164615429,-121.74173680407098,Severe,Dry,Rainy,Afternoon
37.584139964995046,-122.4754130835412,Minor,Dry,Clear,Night
37.66162871409461,-122.47787644847101,Minor,Dry,Clear,Evening
38.39855418852708,-122.17638978085046,Minor,Wet,Snowy,Evening
38.10642905965959,-122.01135680959534,Moderate,Dry,Clear,Night
37.50919705161663,-121.72959258219221,Severe,Wet,Clear,Afternoon
37.60147154286603,-121.81670462339349,Minor,Wet,Clear,Night
38.16350176910806,-122.05409729362326,Moderate,Wet,Clear,Afternoon
37.50506158384622,-122.22637333371833,Minor,Dry,Clear,Night
37.6608080514175,-121.50287549984229,Severe,Dry,Clear,Morning
38.04873378936659,-122.07381869776403,Moderate,Dry,Clear,Night
38.191895197692695,-122.04861297567032,Moderate,Dry,Clear,Morning
38.1519612595026,-122.33637617880834,Minor,Dry,Clear,Afternoon
37.72426930946056,-121.70519045125008,Severe,Dry,Clear,Evening
38.21217922134753,-121.80631777421851,Moderate,Dry,Rainy,Afternoon
37.7372490874968,-122.27923038721124,Minor,Dry,Rainy,Evening
37.825399698159266,-122.41761895438415,Moderate,Dry,Clear,Afternoon
38.24649140511802,-121.81950069792529,Minor,Dry,Clear,Evening
38.14963289904721,-121.84548878571887,Moderate,Wet,Rainy,Morning
38.349223410494176,-122.2267404730018,Minor,Wet,Clear,Morning
38.15761289230034,-121.5491364377496,Moderate,Dry,Clear,Morning
38.068308603335474,-122.3489421082191,Minor,Dry,Rainy,Afternoon
37.59367476782809,-122.0676651989574,Minor,Dry,Foggy,Morning
37.86771580305943,-121.5563840798324,Minor,Dry,Rainy,Afternoon
37.765202367681724,-122.08027268307387,Minor,Dry,Clear,Afternoon
37.74398964337908,-121.86147405233591,Minor,Wet,Rainy,Morning
38.47301055475245,-122.10240560203721,Minor,Dry,Clear,Afternoon
37.89309772466676,-122.22578479765133,Minor,Dry,Rainy,Night
38.39204655517711,-121.51602235204017,Minor,Dry,Clear,Morning
38.131138625997266,-122.09066599368495,Minor,Dry,Clear,Afternoon
38.29481130354165,-121.60590079632087,Moderate,Dry,Rainy,Evening
38.00263709310519,-122.27004539410892,Minor,Dry,Clear,Afternoon
38.07690388462636,-122.28689529597492,Severe,Dry,Clear,Evening
37.99251769381886,-122.4688659171155,Moderate,Dry,Foggy,Afternoon
37.695242987798046,-121.84833317462412,Moderate,Dry,Clear,Afternoon
38.222452115261504,-122.13147365627624,Minor,Dry,Clear,Morning
37.78077236244086,-121.63564175016036,Moderate,Dry,Clear,Evening
37.52431596643145,-122.02679009330845,Minor,Icy,Rainy,Evening
38.14547229590717,-121.53180657208527,Minor,Dry,Rainy,Morning
37.67711067940705,-122.31447448429688,Minor,Dry,Clear,Afternoon
38.44045858435292,-121.6313768320444,Moderate,Dry,Rainy,Night
38.453928577002586,-121.72340314720826,Minor,Dry,Clear,Afternoon
38.41486439022045,-121.72907815535595,Minor,Dry,Rainy,Afternoon
37.870158700255445,-121.65521677188312,Severe,Dry,Clear,Night
37.515456616528866,-121.738976009057,Moderate,Wet,Clear,Evening
38.42831856258773,-121.87377967836858,Minor,Dry,Foggy,Afternoon
37.928184148317314,-122.36875512231761,Minor,Dry,Clear,Evening
38.46665481904367,-122.46747382050874,Moderate,Dry,Clear,Night
38.46361997708925,-121.5791521521843,Minor,Wet,Clear,Afternoon
38.35300945546736,-121.88334968547926,Minor,Dry,Snowy,Afternoon
37.79444889206959,-121.70346270902382,Minor,Dry,Clear,Afternoon
37.88509772860193,-122.01847764848745,Severe,Dry,Clear,Night
38.351136671516855,-122.3826918110376,Moderate,Dry,Clear,Evening
37.81692200515628,-122.37481420779746,Moderate,Dry,Clear,Morning
37.66949274668609,-121.81443471277103,Moderate,Dry,Clear,Night
38.05680126245835,-122.06969410510054,Minor,Dry,Rainy,Afternoon
38.436154774160784,-122.29947527329966,Minor,Dry,Snowy,Morning
38.19602979667497,-122.00840545325856,Minor,Dry,Clear,Afternoon
38.07006117008937,-122.43579106292486,Minor,Dry,Clear,Afternoon
37.59717649377077,-121.9180285980856,Minor,Wet,Clear,Night
38.11500722669917,-122.2310065955649,Moderate,Dry,Clear,Morning
38.49005385010426,-121.70244089936281,Moderate,Dry,Foggy,Night
37.640084015236525,-122.18963804107642,Moderate,Dry,Clear,Afternoon
38.01832965236374,-122.0447798509182,Minor,Dry,Clear,Morning
38.377373071927956,-122.4883794600919,Moderate,Wet,Rainy,Night
38.240768617754206,-122.42755311220544,Moderate,Dry,Clear,Afternoon
38.19701574099527,-122.10750644359331,Minor,Dry,Rainy,Morning
38.20248408398711,-122.02006116528288,Moderate,Dry,Clear,Afternoon
37.85949115121976,-121.8999794518807,Minor,Dry,Rainy,Night
37.79359184426449,-122.2083374212907,Minor,Dry,Foggy,Afternoon
38.30936115547851,-121.80501811387346,Minor,Dry,Rainy,Morning
38.31011339467918,-121.6398776028108,Minor,Dry,Snowy,Morning
38.36707231858011,-121.72014901110666,Minor,Wet,Clear,Morning
38.41324055255647,-122.46038117465164,Moderate,Dry,Clear,Evening
38.01134239886094,-122.01949305274218,Severe,Wet,Rainy,Afternoon
38.0015162946872,-122.39506982158183,Moderate,Wet,Clear,Morning
38.298295178966775,-122.25795498413747,Moderate,Wet,Clear,Morning
38.149963930777766,-121.51333740673286,Minor,Dry,Clear,Afternoon
38.2019668772577,-122.35750445709849,Moderate,Dry,Clear,Night
38.2957926694361,-122.00111184654864,Minor,Wet,Clear,Afternoon
38.39000534181756,-121.88184426568188,Minor,Dry,Clear,Night
37.837995156851534,-121.7975350294559,Minor,Dry,Rainy,Afternoon
37.875582952639945,-121.94035131651309,Minor,Wet,Clear,Morning
37.593981939840866,-122.49022915258081,Minor,Wet,Clear,Night
38.07828014099617,-122.17353869175601,Minor,Dry,Clear,Afternoon
37.53594227379674,-121.98228835661529,Minor,Dry,Clear,Evening
37.96559801813246,-122.41213350085516,Severe,Dry,Foggy,Night
38.04264463470758,-122.14937306879082,Minor,Wet,Clear,Morning
37.78654125212829,-122.46679689120863,Minor,Wet,Clear,Morning
38.09083326056901,-122.42142150284498,Minor,Dry,Rainy,Evening
37.53050024993905,-122.10307672379841,Moderate,Dry,Clear,Morning
37.53734818874921,-122.36728424595694,Minor,Wet,Clear,Morning
38.32260056065966,-121.93245915173844,Minor,Dry,Clear,Morning
37.860190641411265,-121.81053503086274,Minor,Dry,Foggy,Morning
37.62706051265189,-121.69941330089091,Minor,Icy,Clear,Evening
38.02224326005481,-122.29984975575519,Minor,Dry,Clear,Morning
38.26999355309861,-122.33251741774093,Minor,Dry,Clear,Afternoon
37.715821027496844,-122.3954321596656,Minor,Dry,Clear,Evening
38.122890475819,-121.86356975045636,Minor,Dry,Clear,Afternoon
37.58534746499377,-121.7935242735131,Minor,Wet,Clear,Morning
37.551681721168606,-122.46841385517436,Moderate,Dry,Clear,Evening
38.03135463156815,-121.56378775375632,Minor,Icy,Foggy,Morning
38.04063512161011,-122.44802871634853,Minor,Dry,Rainy,Evening
38.13742990149821,-121.95870366469893,Minor,Dry,Clear,Night
38.226091333722664,-121.79093948054908,Severe,Dry,Rainy,Afternoon
38.475852079462534,-121.62903087625392,Minor,Dry,Clear,Afternoon
38.01630034830119,-121.78591306786757,Minor,Dry,Clear,Afternoon
37.82295647294124,-121.69827191693021,Moderate,Dry,Rainy,Afternoon
38.295186194768704,-122.16054980745719,Minor,Dry,Rainy,Night
37.77083225126207,-121.68517488625349,Minor,Dry,Rainy,Night
37.938971420705634,-122.41988515361533,Minor,Wet,Clear,Afternoon
37.578456381342264,-121.60518334393947,Moderate,Dry,Foggy,Evening
37.52535074341546,-121.95240762384627,Minor,Wet,Clear,Night
38.46264841467792,-121.6827022300375,Moderate,Dry,Foggy,Night
38.335980120512204,-122.0476817154817,Severe,Dry,Snowy,Afternoon
38.195974206093695,-121.85642230480347,Minor,Dry,Clear,Afternoon
37.90895294441427,-121.97359733906389,Minor,Dry,Rainy,Morning
37.673294320070845,-121.76841047824468,Minor,Dry,Clear,Night
37.65643704267109,-122.41837001796941,Minor,Wet,Clear,Morning
37.75024289816459,-122.43964791600943,Minor,Wet,Clear,Afternoon
38.04922666470612,-122.25289676598986,Severe,Dry,Clear,Morning
38.21459592270006,-122.34045531988681,Moderate,Dry,Foggy,Morning
38.16019737671773,-121.6282164334078,Moderate,Wet,Rainy,Afternoon
37.77993389694594,-122.28078601264195,Minor,Dry,Clear,Night
38.45486528066319,-121.52413474418087,Moderate,Wet,Rainy,Morning
38.23789691669577,-122.16310420822889,Severe,Wet,Snowy,Afternoon
38.0543540525114,-122.31788208431131,Moderate,Wet,Clear,Morning
38.111720746234354,-121.71030149285752,Minor,Dry,Snowy,Morning
37.91960006242779,-121.84129222449913,Moderate,Dry,Clear,Afternoon
37.74773098950116,-122.00180428354686,Minor,Dry,Rainy,Afternoon
37.85597267865126,-121.94463644906237,Minor,Dry,Clear,Morning
38.25784611046437,-121.78079822172774,Minor,Wet,Clear,Afternoon
37.51439348862976,-122.2715452586687,Moderate,Dry,Clear,Morning
37.616072640506914,-121.50366608394326,Moderate,Dry,Rainy,Afternoon
37.546002642021755,-121.52520683785322,Minor,Wet,Clear,Night
37.540728802318974,-121.84967431365307,Minor,Wet,Clear,Night
38.355460584011006,-122.30045754907086,Minor,Wet,Clear,Afternoon
38.20365785938002,-121.8197717575687,Minor,Wet,Foggy,Afternoon
37.97417382908733,-122.42780159102082,Minor,Dry,Clear,Night
37.597834160651004,-122.46934749779419,Minor,Dry,Clear,Morning
37.991615875116835,-122.24231711148879,Moderate,Wet,Clear,Night
37.97347177078056,-122.03737704326069,Minor,Dry,Clear,Night
37.67320186991002,-121.63172749459162,Minor,Dry,Rainy,Morning
37.93385164923797,-121.7728309302337,Minor,Dry,Rainy,Morning
37.89850473439737,-121.75729347880002,Severe,Dry,Clear,Night
38.11585009805221,-122.07450666555192,Moderate,Wet,Clear,Afternoon
38.135093650867645,-122.15406500745304,Moderate,Dry,Rainy,Morning
37.545304009772046,-122.1289612370154,Minor,Dry,Clear,Morning
37.87461261462647,-121.51235043626394,Minor,Dry,Rainy,Afternoon
38.12585991571424,-122.45989080858752,Minor,Dry,Rainy,Evening
38.003136258580085,-121.63296850387755,Moderate,Dry,Rainy,Evening
38.35648984118832,-121.9213245914276,Severe,Dry,Clear,Night
38.158693631618945,-122.06138458081041,Moderate,Wet,Clear,Morning
37.66293442708143,-121.77474233958486,Moderate,Dry,Snowy,Afternoon
37.57056874740043,-122.0133310585753,Moderate,Dry,Clear,Afternoon
38.14241927820632,-121.62657676191834,Minor,Dry,Rainy,Afternoon
37.52651131054162,-121.59929813598875,Severe,Dry,Clear,Morning
38.08577558127347,-122.07827907312654,Minor,Dry,Rainy,Night
38.440230241424956,-122.22317220276494,Minor,Wet,Clear,Night
38.075474177875876,-121.90764967140663,Minor,Dry,Clear,Afternoon
37.88816992620652,-121.5876366543833,Minor,Wet,Clear,Evening
38.14328821844235,-122.28933781099434,Minor,Dry,Rainy,Morning
37.958252890491515,-121.87703341643652,Minor,Dry,Rainy,Afternoon
38.045616789315936,-121.86843977990748,Minor,Dry,Clear,Evening
38.44146480877652,-121.76688697758472,Minor,Wet,Clear,Afternoon
37.886102637800775,-122.36843231487273,Minor,Dry,Rainy,Night
38.46119056382391,-121.78417503531792,Minor,Dry,Clear,Evening
38.40535064195606,-121.59096747933435,Minor,Dry,Clear,Afternoon
37.695791134789296,-122.32031689112976,Minor,Dry,Clear,Evening
37.569361300875165,-122.26245667507612,Moderate,Dry,Clear,Morning
37.60077800137743,-121.52860490595836,Moderate,Dry,Clear,Afternoon
37.51822182565155,-122.31902304729051,Moderate,Dry,Clear,Afternoon
37.59444296075593,-121.64561490663043,Moderate,Dry,Clear,Afternoon
38.18300677341636,-122.00772214355196,Minor,Dry,Clear,Evening
37.57118864846023,-122.25276892559683,Moderate,Wet,Clear,Afternoon
37.818975630293764,-121.62925009872748,Minor,Wet,Clear,Evening
38.34487531096946,-122.05469474499733,Minor,Wet,Clear,Afternoon
37.52327193573583,-121.98518264607031,Moderate,Dry,Rainy,Afternoon
38.314468482588936,-122.14076663060024,Minor,Dry,Clear,Night
37.7818547747734,-121.90704914856508,Moderate,Dry,Clear,Morning
37.618164827621655,-122.33647612741498,Moderate,Dry,Clear,Morning
38.19673716536415,-122.10891846334825,Moderate,Dry,Clear,Afternoon
38.128942846779886,-121.53058767766471,Severe,Dry,Clear,Morning
38.377472013527054,-122.24186656729887,Minor,Dry,Clear,Morning
38.235071043803885,-121.8432633354587,Minor,Dry,Foggy,Evening
38.30348093038485,-122.1748099357753,Minor,Wet,Clear,Afternoon
37.782034572571305,-121.7265268743134,Minor,Dry,Snowy,Afternoon
37.67743954377972,-122.36912633928165,Moderate,Dry,Clear,Night
38.25061475164086,-121.53017895492145,Moderate,Dry,Clear,Afternoon
38.306834739267266,-122.04621045861636,Moderate,Dry,Clear,Night
38.49050514200067,-122.26394953665354,Minor,Dry,Clear,Morning
37.912617676911424,-122.42650325266999,Minor,Wet,Clear,Afternoon
37.87201808579278,-122.33024209491246,Minor,Wet,Rainy,Night
38.276412960742,-121.98022605144398,Minor,Dry,Clear,Afternoon
37.84080354025302,-122.16299682356872,Moderate,Wet,Foggy,Evening
38.430757325603565,-121.6711166341174,Minor,Icy,Rainy,Afternoon
38.35841275184301,-122.06911247633819,Minor,Wet,Clear,Morning
37.92899402737502,-122.25128572741237,Minor,Wet,Clear,Afternoon
38.2508710677915,-121.88285501339597,Moderate,Dry,Clear,Afternoon
38.254542874084684,-121.79322278311456,Moderate,Dry,Clear,Night
37.60312386883593,-122.33295809209905,Minor,Dry,Clear,Morning
38.40255290667957,-122.33238078371168,Minor,Dry,Clear,Night
38.005252372447856,-122.46332857306646,Minor,Icy,Clear,Night
38.32645746610774,-121.76359798493436,Minor,Dry,Clear,Morning
37.82004960103061,-121.8361954723782,Moderate,Wet,Snowy,Afternoon
38.3955232284962,-122.02536912425019,Moderate,Wet,Rainy,Night
37.88920167873416,-121.6558295510308,Minor,Wet,Foggy,Night
37.5108376514803,-121.69432984704994,Minor,Icy,Clear,Afternoon
38.405381976419264,-121.91464563560325,Severe,Dry,Clear,Afternoon
37.59128667678613,-121.63172871948674,Minor,Dry,Clear,Afternoon
37.81931363759041,-122.29415878996323,Moderate,Dry,Clear,Evening
38.45006196705081,-122.38808038060228,Minor,Dry,Clear,Morning
38.45060714693756,-122.23025038848301,Minor,Dry,Rainy,Evening
38.07343788812329,-122.44291314391069,Minor,Dry,Rainy,Morning
38.1318372121698,-121.96883047199897,Minor,Wet,Clear,Morning
37.94844552197832,-121.56339430770504,Severe,Dry,Clear,Afternoon
37.793210771698064,-122.46065645933149,Minor,Dry,Clear,Afternoon
37.82866454536992,-122.37789008598997,Minor,Dry,Clear,Afternoon
38.172518456077036,-122.04780097171657,Minor,Dry,Clear,Afternoon
38.25237452943768,-121.56612498247209,Minor,Dry,Clear,Afternoon
38.29157904372585,-122.18384389502324,Minor,Wet,Clear,Morning
38.28961814279455,-121.9927651913116,Minor,Dry,Snowy,Afternoon
37.59120610304869,-122.45842714094961,Moderate,Wet,Clear,Night
37.99442030470258,-122.35165679903791,Minor,Dry,Rainy,Afternoon
37.55755876001665,-121.51336987704116,Minor,Wet,Clear,Afternoon
38.049528882323735,-121.53488130356395,Severe,Dry,Clear,Afternoon
37.94153050137338,-122.49506001906559,Minor,Dry,Clear,Night
38.3877041827583,-121.54818821457675,Severe,Dry,Clear,Morning
37.85091501255208,-121.8608800621845,Minor,Wet,Clear,Evening
37.617067016427605,-121.63208170547998,Moderate,Dry,Rainy,Evening
37.64299168205284,-122.04526014436614,Moderate,Dry,Rainy,Evening
38.26151063171747,-121.98440397142075,Moderate,Icy,Clear,Morning
38.11821806331626,-122.01115341974308,Severe,Wet,Clear,Evening
37.60112267612279,-121.83313574245389,Minor,Dry,Foggy,Morning
37.584106806114995,-122.36034874524368,Severe,Wet,Clear,Afternoon
38.20096913145912,-122.47002641012732,Minor,Dry,Clear,Evening
37.57276300636419,-122.1920700584088,Minor,Dry,Clear,Morning
38.32186005929036,-121.79531923726336,Minor,Dry,Rainy,Night
38.206242227156494,-122.29814654787705,Minor,Wet,Snowy,Morning
37.5813487806419,-121.82656756667508,Minor,Wet,Clear,Night
37.58483771408519,-121.53008795389273,Minor,Dry,Foggy,Afternoon
38.486639578501176,-122.40609928421058,Minor,Dry,Rainy,Morning
37.87427079575612,-121.82739788177487,Moderate,Dry,Clear,Morning
37.87064214706689,-122.05624978069542,Moderate,Icy,Clear,Night
38.3127995672575,-121.6318577456225,Minor,Icy,Clear,Morning
38.44724857738386,-122.32285021055262,Minor,Dry,Snowy,Morning
38.48600106382287,-121.80737404777383,Minor,Wet,Clear,Afternoon
38.25337818525894,-121.66188471035188,Minor,Wet,Rainy,Evening
37.87625958553092,-121.55538578052598,Minor,Dry,Clear,Afternoon
37.583500716698666,-121.81675197171036,Minor,Dry,Rainy,Morning
38.27714691592744,-122.00282523599158,Minor,Dry,Clear,Morning
38.05840424973581,-121.88215275979879,Severe,Dry,Clear,Morning
37.924222009246975,-121.63109501552128,Minor,Dry,Rainy,Morning
38.40635438509474,-121.92939025336118,Minor,Dry,Rainy,Afternoon
37.61119748230615,-122.46961294030316,Minor,Wet,Foggy,Evening
37.99262510429086,-121.56905130449302,Minor,Dry,Clear,Morning
37.51135364476742,-121.81047324896844,Minor,Dry,Rainy,Afternoon
37.96866064199413,-121.82348661422276,Moderate,Dry,Clear,Afternoon
37.556303275681834,-122.28432484760228,Minor,Dry,Clear,Night
37.61881791626807,-121.84111452976734,Minor,Dry,Clear,Night
37.6175262467771,-122.10613559434584,Severe,Dry,Clear,Night
38.14921030211606,-121.84876702295851,Moderate,Dry,Clear,Morning
38.246044879265426,-122.39340696969201,Moderate,Dry,Snowy,Morning
38.08336876509716,-121.84215469539697,Minor,Dry,Clear,Afternoon
38.46217254847454,-121.50058627422933,Moderate,Dry,Rainy,Morning
37.8748705795237,-122.45178796113944,Minor,Wet,Clear,Afternoon
37.78571208628186,-121.52282581577869,Minor,Dry,Clear,Evening
38.36859912818946,-122.09309203927712,Minor,Dry,Clear,Night
37.72359583851945,-121.62924654966274,Minor,Wet,Foggy,Night
38.46322253944061,-121.71761451594173,Minor,Dry,Foggy,Afternoon
37.512154474689815,-121.93298373901334,Minor,Dry,Foggy,Evening
38.46987882670764,-121.76155079074867,Severe,Wet,Snowy,Afternoon
37.543159911950575,-121.62148443869866,Severe,Dry,Clear,Morning
38.39114311369807,-122.09585967834897,Moderate,Dry,Clear,Evening
38.0277011090863,-122.17296683843676,Minor,Wet,Rainy,Morning
38.4929647961193,-121.83240661443642,Moderate,Wet,Clear,Afternoon
37.573796564735396,-121.69215405805875,Minor,Icy,Clear,Afternoon
38.05385428440132,-121.73771486522338,Moderate,Dry,Clear,Evening
38.4693025356191,-121.70218635114136,Minor,Dry,Clear,Evening
38.02309784417015,-122.06441668518707,Moderate,Dry,Clear,Afternoon
38.129398638135264,-121.68216578382498,Minor,Dry,Clear,Night
38.195748688984615,-122.37979094462939,Moderate,Dry,Clear,Morning
37.954541064767774,-121.95551090203915,Severe,Dry,Clear,Afternoon
38.127558080084064,-122.49424133950188,Minor,Wet,Clear,Evening
38.0843143119231,-122.17541417009973,Minor,Dry,Clear,Evening
38.40115801049099,-122.13353846512861,Severe,Dry,Rainy,Night
37.54544638034146,-122.10382730839075,Minor,Dry,Clear,Morning
37.78096318959223,-121.80453279331014,Moderate,Dry,Clear,Evening
38.45041148407656,-122.11144189872965,Minor,Dry,Rainy,Evening
38.390263783890916,-122.05130637737747,Minor,Dry,Clear,Night
37.955656752785714,-122.26245586912567,Minor,Dry,Clear,Morning
38.120132597801536,-122.12674820837066,Minor,Dry,Rainy,Evening
37.77738118298113,-122.27273037273685,Moderate,Wet,Clear,Afternoon
37.688121159723764,-122.42680407623156,Minor,Wet,Rainy,Morning
37.96369840493998,-121.89655140661863,Minor,Dry,Rainy,Afternoon
37.853352228026054,-121.83178720144498,Minor,Dry,Rainy,Afternoon
38.08365611185087,-121.88050965399039,Minor,Wet,Clear,Afternoon
37.57773463696498,-122.03650595619943,Moderate,Wet,Clear,Night
38.474394807666165,-122.12021421982077,Severe,Dry,Clear,Afternoon
38.4862107444796,-121.63666635042817,Minor,Wet,Clear,Evening
38.19816171401975,-121.98091821486378,Moderate,Dry,Clear,Afternoon
38.03609636634412,-122.02081812237027,Moderate,Wet,Clear,Morning
37.809527616286324,-122.47435793419356,Minor,Icy,Clear,Morning
38.31379501970695,-122.15875217237384,Severe,Dry,Clear,Afternoon
38.18473117255388,-122.11980438121414,Minor,Wet,Clear,Afternoon
37.66261693934489,-122.10117721910309,Minor,Dry,Clear,Morning
38.41092718449384,-121.91982763077267,Moderate,Icy,Rainy,Afternoon
38.32253724292317,-121.96639745327312,Minor,Dry,Clear,Afternoon
38.449799913291926,-121.89209490720656,Moderate,Wet,Clear,Morning
38.22571950838836,-121.73511673845788,Moderate,Dry,Foggy,Afternoon
38.11341519593579,-121.6870142612839,Minor,Dry,Clear,Morning
37.91824303629062,-121.78187692377351,Moderate,Dry,Clear,Night
38.43272848335401,-121.54447630404506,Minor,Icy,Clear,Night
38.36606388950041,-122.48176741732364,Minor,Wet,Rainy,Evening
37.54521867010619,-122.30422201431645,Moderate,Wet,Clear,Morning
37.52636697449725,-122.49243712502185,Severe,Wet,Clear,Evening
37.87646336687805,-121.8525252858454,Minor,Dry,Clear,Night
38.310553330781836,-121.60196945105001,Minor,Dry,Foggy,Evening
38.48727612931494,-122.2565177034237,Moderate,Dry,Clear,Morning
37.650416891103525,-121.5729654552037,Moderate,Dry,Clear,Evening
38.09413071535214,-122.43973260971043,Moderate,Dry,Foggy,Night
37.88089085663102,-121.56556397319449,Minor,Dry,Clear,Afternoon
38.469914397814605,-122.14837731276036,Minor,Dry,Foggy,Evening
38.34211892313571,-122.39857917155078,Minor,Dry,Clear,Afternoon
38.33832870471114,-122.01412824081368,Moderate,Dry,Rainy,Afternoon
37.968693159794974,-122.24322343227949,Minor,Dry,Clear,Morning
37.914819502337664,-122.21512709803808,Minor,Icy,Rainy,Evening
37.773407071930706,-122.19271003507372,Severe,Wet,Foggy,Morning
37.55637549665093,-121.69697410216733,Minor,Icy,Clear,Afternoon
38.36472237625505,-121.96083872332474,Severe,Dry,Clear,Morning
38.31290100913008,-122.188692300844,Moderate,Dry,Clear,Afternoon
38.49971767328613,-121.88966621668908,Moderate,Wet,Clear,Morning
38.49663683707391,-121.7838493257768,Minor,Dry,Clear,Evening
38.05543170560263,-122.22737599926647,Minor,Dry,Clear,Evening
38.26898741518051,-122.08645089847465,Moderate,Dry,Clear,Morning
38.44476572988243,-122.37811390666305,Moderate,Dry,Clear,Morning
38.34964739067741,-122.31885065046532,Moderate,Dry,Clear,Morning
37.7473481017432,-121.81888214603502,Minor,Dry,Rainy,Night
37.950544135310096,-122.31856165230437,Moderate,Dry,Clear,Afternoon
37.62915941515149,-121.97483661633294,Moderate,Dry,Clear,Afternoon
38.45405102725872,-121.79095373827757,Moderate,Dry,Clear,Morning
38.10617463445088,-122.39312307690525,Moderate,Wet,Clear,Evening
37.72864280550346,-121.9326877803711,Moderate,Dry,Clear,Night
38.171700684405856,-122.24343721629863,Moderate,Dry,Clear,Night
38.11812824045789,-121.53707312476241,Minor,Wet,Clear,Evening
37.858162718032844,-122.01645435328008,Minor,Dry,Rainy,Morning
37.613557592199626,-121.69400745022485,Minor,Dry,Clear,Morning
38.1715731955928,-121.94977345784373,Minor,Dry,Rainy,Morning
38.02030770090379,-122.45658746714518,Minor,Dry,Rainy,Morning
38.27231839173564,-121.86684862440597,Minor,Dry,Rainy,Morning
38.020163501111995,-121.54859665779334,Minor,Wet,Foggy,Morning
38.35218150031854,-121.89838817985367,Minor,Dry,Clear,Afternoon
38.051906838774485,-121.68081114057321,Moderate,Dry,Clear,Night
38.06093797153539,-121.6157935366516,Severe,Dry,Foggy,Evening
38.376653602658344,-122.27192022805107,Minor,Dry,Clear,Night
37.9034828662124,-122.28795516009177,Severe,Dry,Clear,Evening
37.63401522845064,-121.889019011149,Minor,Dry,Rainy,Morning
37.52878267631334,-122.08897153019329,Minor,Dry,Rainy,Evening
38.25513725567362,-121.66013869713328,Minor,Dry,Foggy,Morning
38.120309551353465,-121.59997687660199,Minor,Dry,Snowy,Evening
38.20407976809923,-122.14657862069728,Moderate,Dry,Rainy,Afternoon
37.712964161508914,-122.26312944102551,Moderate,Wet,Clear,Night
37.63637147558677,-121.71947448475613,Minor,Dry,Foggy,Morning
37.514544665667884,-122.22519396445186,Minor,Dry,Clear,Morning
37.850587558806595,-121.67738568148633,Minor,Dry,Clear,Night
38.08991768685463,-122.07626174635124,Minor,Wet,Foggy,Morning
37.89224404509973,-121.83245010070853,Minor,Dry,Clear,Evening
37.93747492202373,-122.40446468616533,Minor,Dry,Clear,Evening
38.404158694493745,-121.87614067532343,Moderate,Wet,Clear,Night
37.8482554670233,-122.04823232126277,Severe,Wet,Foggy,Night
38.01398948915981,-121.91339153682452,Minor,Dry,Clear,Night
38.28365301274114,-122.33198579225514,Severe,Dry,Rainy,Morning
37.89654278232127,-121.76312625505582,Minor,Wet,Clear,Night
38.122086700227875,-121.63720292245677,Minor,Icy,Rainy,Evening
38.36236370874675,-122.28326019990922,Minor,Wet,Rainy,Evening
38.44952062365764,-122.40428544447984,Moderate,Dry,Clear,Morning
37.64707348092904,-122.47636141395367,Severe,Dry,Clear,Evening
38.426587625161496,-121.85802849955674,Moderate,Dry,Clear,Night
37.99211629307954,-121.89290596391122,Minor,Wet,Snowy,Night
37.758244388298955,-121.95330258728593,Moderate,Dry,Rainy,Afternoon
37.95913575623826,-122.26805290388403,Minor,Dry,Foggy,Morning
38.48003257528548,-122.10909400409449,Moderate,Wet,Clear,Afternoon
37.99261809399287,-121.90552366481383,Minor,Dry,Rainy,Night
37.82875161028751,-122.00323314114083,Minor,Wet,Rainy,Evening
38.133400854316726,-121.51221447978511,Minor,Dry,Rainy,Afternoon
37.74014561877819,-122.36356024744326,Moderate,Dry,Snowy,Morning
37.57586332810867,-121.80485544595241,Minor,Dry,Clear,Afternoon
37.62887972191065,-122.09568123189571,Moderate,Wet,Clear,Afternoon
37.628045838957775,-122.07180038507438,Minor,Dry,Rainy,Night
37.65190269351229,-121.78240223434183,Moderate,Dry,Rainy,Evening
37.63882717264941,-121.80756384867563,Moderate,Icy,Clear,Afternoon
38.14087474480321,-121.50874400629782,Moderate,Dry,Clear,Afternoon
37.68188008439915,-122.37160571054588,Minor,Dry,Clear,Morning
37.84566728332386,-122.39589035061583,Minor,Dry,Clear,Night
38.39678840990601,-121.77566118287126,Minor,Dry,Clear,Afternoon
37.97396164026287,-121.92161308299359,Moderate,Dry,Rainy,Afternoon
38.167557738521026,-122.22583933344019,Minor,Dry,Rainy,Afternoon
37.67231987120163,-122.420580631011,Minor,Dry,Clear,Evening
37.69228901880867,-122.41434175040357,Minor,Dry,Clear,Evening
37.54086861626648,-121.60580912533588,Minor,Dry,Clear,Evening
37.66893506307216,-122.30813267528126,Moderate,Dry,Clear,Morning
37.77859033903196,-122.17662843788447,Minor,Dry,Rainy,Afternoon
37.67701048427675,-122.273343597773,Moderate,Dry,Foggy,Morning
37.58870253375706,-122.14500369416807,Minor,Dry,Clear,Evening
37.6206358711006,-122.43057615725391,Minor,Dry,Rainy,Morning
37.960778768032725,-121.98094020909173,Minor,Dry,Foggy,Afternoon
37.706333718405794,-122.43238743640778,Minor,Wet,Rainy,Night
37.86426986104807,-121.69964349217764,Minor,Dry,Clear,Night
38.003417270854854,-122.26628791808956,Moderate,Wet,Snowy,Afternoon
38.190394828629366,-121.9599880853955,Minor,Icy,Clear,Afternoon
37.5393121398411,-121.61992091243854,Moderate,Dry,Clear,Morning
38.299410398909046,-121.8491226309528,Minor,Dry,Clear,Evening
38.12790038949091,-121.96704221344866,Minor,Dry,Clear,Night
37.58175903194887,-122.17566624688462,Moderate,Wet,Clear,Morning
38.37357862410678,-122.1669980869418,Minor,Dry,Clear,Afternoon
38.42087240053181,-121.8305130448018,Minor,Dry,Clear,Night
37.56107795985486,-121.50586063877883,Minor,Dry,Rainy,Night
37.776877648147206,-121.83816081015063,Minor,Wet,Foggy,Morning
38.30620127979306,-121.94221658262998,Moderate,Wet,Clear,Afternoon
38.248259690383655,-121.76934948976076,Minor,Dry,Foggy,Morning
37.684521019356374,-122.03479438771627,Moderate,Dry,Foggy,Morning
37.70934932333671,-122.43985765739922,Moderate,Dry,Rainy,Night
37.87047210279138,-121.93770318412209,Minor,Dry,Clear,Night
37.98452298519102,-121.54237471549462,Severe,Wet,Rainy,Evening
38.118254771530296,-122.32469705764234,Minor,Dry,Foggy,Morning
37.868913639569776,-121.80999510917934,Severe,Dry,Rainy,Night
37.96253471613315,-122.29906631134094,Minor,Dry,Clear,Afternoon
38.24747093813376,-121.96417231552692,Moderate,Wet,Clear,Afternoon
37.5366832028906,-122.40332355035328,Minor,Wet,Rainy,Afternoon
37.75243694434402,-122.04962906374182,Minor,Dry,Clear,Morning
38.21334958588455,-121.74383667110476,Moderate,Wet,Clear,Evening
38.3952068376872,-122.15242847576101,Moderate,Dry,Clear,Afternoon
38.01167744211567,-121.83508827551279,Minor,Dry,Rainy,Morning
38.03211348526531,-121.70455003921028,Minor,Dry,Foggy,Morning
37.60717201133978,-121.57282218052055,Moderate,Dry,Clear,Morning
37.94741236682346,-122.26535791814455,Moderate,Dry,Snowy,Morning
38.03261726645502,-122.10068408419069,Severe,Wet,Clear,Afternoon
37.74247050363473,-122.34758398666958,Moderate,Dry,Rainy,Night
37.76924323094938,-121.50751649784162,Severe,Dry,Rainy,Morning
37.87728416310462,-121.5729990320757,Moderate,Dry,Rainy,Morning
37.520071197777725,-121.96004286971944,Minor,Dry,Foggy,Afternoon
37.822079165583176,-121.65796670562358,Minor,Wet,Clear,Night
37.71144800699655,-121.97904202272795,Moderate,Dry,Foggy,Afternoon
37.827497352177915,-121.87641431199724,Moderate,Dry,Clear,Afternoon
37.61976213181925,-122.41087556788398,Minor,Wet,Rainy,Afternoon
38.390527280739896,-121.74472957950319,Minor,Dry,Rainy,Morning
38.09359245355405,-122.37228651636477,Severe,Dry,Rainy,Morning
38.17910231914449,-121.67393236974748,Minor,Dry,Clear,Evening
38.28917123860734,-121.71797191232962,Minor,Dry,Foggy,Evening
37.998442198929055,-121.79125530225703,Minor,Icy,Clear,Afternoon
37.58692028808743,-122.46383961947524,Minor,Wet,Clear,Evening
38.037106541818545,-122.19687164405467,Minor,Dry,Rainy,Evening
38.08684111802088,-122.23688743008915,Minor,Wet,Clear,Morning
38.24543947418433,-122.13986359252849,Minor,Dry,Rainy,Afternoon
37.93165954622968,-122.41235725323617,Moderate,Dry,Clear,Morning
37.627580302795565,-121.56304217696893,Minor,Dry,Clear,Morning
37.78377590579873,-121.94619775928763,Moderate,Dry,Rainy,Evening
37.86308229639864,-122.19447568934197,Moderate,Dry,Clear,Night
38.1459172413316,-122.10301848292572,Minor,Dry,Clear,Night
38.07077830466891,-122.05279745949517,Moderate,Wet,Rainy,Evening
37.85609672589785,-121.89940566663938,Minor,Dry,Clear,Morning
38.486515248792976,-121.9843205723035,Moderate,Dry,Rainy,Morning
38.10577481935689,-121.58060802678558,Minor,Dry,Clear,Night
37.73722679173599,-122.00303651709417,Moderate,Dry,Rainy,Afternoon
37.60178247262041,-121.50784198517668,Moderate,Dry,Rainy,Evening
37.65285913918433,-121.6485750422549,Minor,Dry,Rainy,Evening
37.74595772838451,-122.29148948564267,Minor,Wet,Clear,Evening
37.66068137325956,-121.56940478535608,Moderate,Dry,Rainy,Night
37.68656702405131,-122.38363360211453,Moderate,Dry,Rainy,Morning
37.78509516869385,-121.6825502915088,Minor,Dry,Rainy,Evening
37.673373595294755,-122.11937670652343,Moderate,Dry,Clear,Night
38.39676542462642,-121.62202567955494,Minor,Dry,Foggy,Morning
37.580233745661644,-121.63194330989255,Moderate,Wet,Rainy,Evening
38.02451138957026,-121.69407459988238,Minor,Dry,Clear,Afternoon
37.91039682698966,-121.70996956369294,Moderate,Dry,Clear,Night
38.482378616908605,-122.19532086090196,Minor,Dry,Foggy,Morning
37.61203890216805,-122.41908071694874,Minor,Dry,Clear,Afternoon
37.89785559904574,-122.09701982123484,Minor,Dry,Snowy,Morning
38.46947043327537,-122.32647548501349,Minor,Wet,Rainy,Evening
38.36550712589398,-121.80504891109754,Minor,Dry,Rainy,Morning
38.31707207094928,-122.15390027346221,Minor,Wet,Clear,Morning
37.75790282704494,-121.52438979914008,Moderate,Dry,Clear,Afternoon
37.67088758739006,-121.85902792265466,Minor,Wet,Foggy,Night
38.168643219924434,-121.67751943636564,Minor,Dry,Clear,Morning
38.429375989127585,-122.36747532725815,Minor,Dry,Rainy,Morning
38.05676289301393,-121.63798551772737,Minor,Dry,Clear,Evening
38.0716126894699,-121.5772428094866,Minor,Wet,Clear,Afternoon
37.77997909366029,-122.01293808118106,Minor,Dry,Clear,Night
38.269492933191934,-121.89374706224902,Minor,Dry,Clear,Morning
37.68704374855752,-121.735190199097,Minor,Dry,Snowy,Evening
37.823679236404246,-122.32516137273959,Minor,Wet,Clear,Morning
37.925436438616416,-121.99743392353656,Minor,Dry,Clear,Morning
38.007610378684454,-122.10133697222768,Minor,Wet,Clear,Evening
37.742409732415084,-122.35362600783775,Minor,Dry,Clear,Afternoon
37.6148368247392,-122.13246557770847,Severe,Dry,Clear,Evening
38.11062004244163,-122.43182769061451,Minor,Dry,Foggy,Afternoon
37.78863055324025,-122.47418809305051,Moderate,Icy,Clear,Afternoon
38.08123822142261,-122.36483371084518,Minor,Dry,Clear,Afternoon
37.6543627152742,-121.53688488841082,Moderate,Wet,Clear,Night
37.98114010185482,-121.95047046410498,Moderate,Dry,Snowy,Morning
38.03258943255159,-121.53417783884677,Minor,Dry,Clear,Morning
37.551823536822425,-122.06750212166986,Severe,Dry,Clear,Afternoon
37.83660427819392,-122.18818386691474,Minor,Dry,Rainy,Afternoon
37.634414676938974,-121.99385813715976,Minor,Wet,Clear,Morning
37.563374970472765,-122.0604883113671,Moderate,Wet,Clear,Night
38.48996023238995,-122.39433531573826,Moderate,Wet,Clear,Morning
37.82235384497472,-121.8591736853098,Minor,Wet,Rainy,Night
38.30987444585463,-122.2839618174904,Minor,Dry,Clear,Morning
37.75464065476376,-121.88041204510218,Minor,Dry,Rainy,Evening
38.18150272222393,-121.84979890760185,Minor,Icy,Rainy,Night
38.26022785988969,-122.34797514687135,Moderate,Dry,Clear,Morning
38.095638740607846,-122.43865037288933,Minor,Wet,Clear,Night
37.97157618855016,-121.71923841393156,Minor,Wet,Clear,Afternoon
37.91184091414727,-122.04019957623068,Minor,Dry,Rainy,Night
37.84886826654299,-122.44183620449452,Minor,Icy,Clear,Evening
38.42952914424782,-121.50513368283023,Minor,Dry,Clear,Afternoon
38.33061940778773,-122.44221943900364,Moderate,Dry,Clear,Morning
38.46502691066651,-121.80496477114144,Severe,Dry,Snowy,Afternoon
37.62429722348554,-121.51632107473658,Moderate,Dry,Clear,Morning
38.230867475203645,-122.26081989578408,Minor,Dry,Foggy,Morning
38.43834045682104,-122.3577506313128,Moderate,Dry,Clear,Morning
37.68123306616566,-122.37861506057757,Moderate,Wet,Clear,Afternoon
37.56649626736678,-122.19672485243241,Moderate,Wet,Clear,Evening
38.24112064929006,-122.39895418898935,Minor,Dry,Clear,Morning
38.07447311317991,-121.80783865830587,Minor,Dry,Clear,Morning
38.34182877675827,-122.43770820186994,Minor,Wet,Clear,Evening
37.63977237662629,-121.9905778718502,Minor,Dry,Foggy,Morning
38.29526731185989,-121.50330314614702,Minor,Dry,Rainy,Morning
37.70162732004774,-121.68602973049398,Minor,Dry,Rainy,Morning
37.6636559428657,-121.88478056176899,Minor,Dry,Clear,Night
37.664265797930994,-122.1937463792134,Moderate,Dry,Clear,Night
38.314574720231384,-121.87610416370836,Minor,Icy,Clear,Afternoon
38.1651972206962,-121.97295853608834,Minor,Dry,Rainy,Evening
38.02306542476912,-122.07391661610963,Severe,Dry,Foggy,Afternoon
37.8588304841235,-122.3692896232598,Severe,Dry,Clear,Evening
38.37720054081311,-121.61339578475953,Moderate,Dry,Clear,Evening
37.89244510742264,-122.05021535117868,Severe,Dry,Clear,Evening
38.316599439471574,-122.30537748817923,Minor,Wet,Clear,Morning
37.93913490857022,-122.1322406491227,Severe,Wet,Clear,Morning
37.87694442942491,-122.08587024747108,Minor,Dry,Rainy,Afternoon
37.96267978566961,-121.67246210443312,Minor,Wet,Rainy,Night
37.80137787416414,-121.7663856194386,Minor,Wet,Clear,Afternoon
38.24760938017625,-121.73069510635867,Minor,Wet,Clear,Night
38.00272039009248,-122.48896873557135,Minor,Dry,Snowy,Night
37.73221269514682,-122.08384600182023,Moderate,Dry,Clear,Morning
38.39957457327457,-122.01865584836467,Moderate,Dry,Clear,Evening
37.88389122137321,-122.48080772317694,Minor,Dry,Clear,Evening
38.04355286111399,-122.24018679125497,Minor,Dry,Clear,Night
38.40647211096455,-121.73971017687786,Moderate,Dry,Clear,Night
38.124237995913994,-122.362890294271,Moderate,Wet,Rainy,Evening
37.616898040708364,-121.96468986854741,Minor,Wet,Clear,Morning
38.43983212361348,-122.28479812798277,Moderate,Wet,Clear,Evening
38.127708053071416,-122.48787922535611,Minor,Dry,Rainy,Morning
37.83490561465709,-122.25879854240046,Minor,Dry,Clear,Evening
37.63927207266339,-121.52412624508995,Severe,Dry,Foggy,Night
38.29402518927029,-121.698462888117,Minor,Dry,Foggy,Afternoon
38.12007275592851,-121.54042335567897,Minor,Dry,Clear,Evening
38.03346109197632,-122.01214595607364,Moderate,Dry,Rainy,Afternoon
38.393892583050956,-122.39026380132249,Moderate,Dry,Clear,Afternoon
38.288597211224534,-121.95204051102631,Minor,Wet,Snowy,Afternoon
37.65167487973275,-122.04562266544004,Minor,Dry,Clear,Evening
37.81172206779555,-121.65564291726038,Minor,Wet,Snowy,Night
37.74848913981447,-122.40191741921575,Moderate,Dry,Rainy,Night
38.24394629257268,-122.01175886297823,Minor,Dry,Clear,Morning
37.53353243473578,-122.34995133530602,Minor,Dry,Clear,Night
38.06988968487131,-122.17532407310993,Severe,Dry,Snowy,Evening
38.26245868574069,-121.7626429226122,Minor,Dry,Foggy,Morning
38.376765636761746,-122.02398187063123,Minor,Dry,Clear,Morning
37.842081748715906,-122.12411171485424,Minor,Dry,Rainy,Morning
38.32125730467201,-122.10552372142996,Moderate,Dry,Clear,Night
37.610631736955206,-122.04055323159402,Minor,Dry,Clear,Evening
38.346452291734515,-121.71498345616294,Minor,Wet,Clear,Evening
37.627488662331984,-121.60791531105977,Moderate,Dry,Clear,Morning
37.89728729056037,-121.54466531349607,Minor,Wet,Rainy,Evening
38.297295365779554,-121.71309661374471,Minor,Dry,Clear,Morning
37.649917427348775,-122.18459310425199,Minor,Wet,Rainy,Afternoon
37.729251395232644,-121.81186529391346,Minor,Wet,Clear,Evening
38.22225256839307,-122.06239687594461,Minor,Dry,Clear,Morning
38.220036536546075,-122.24532937795395,Minor,Dry,Clear,Night
38.1411476328853,-121.65912842057408,Minor,Wet,Clear,Morning
38.1939484444671,-122.46157365103768,Minor,Dry,Clear,Evening
38.042724443347595,-121.59823800786458,Moderate,Dry,Clear,Afternoon
37.751799058906954,-122.03852253537526,Severe,Dry,Clear,Afternoon
37.84569599350392,-121.86279852319171,Moderate,Wet,Clear,Morning
37.68159771680143,-121.84064607779422,Moderate,Wet,Clear,Morning
38.40845056133363,-121.60488225929346,Minor,Dry,Clear,Night
38.08339179476612,-121.86333031783279,Severe,Dry,Foggy,Morning
37.90085141676364,-121.88606641523994,Minor,Dry,Foggy,Night
37.96200580364413,-122.43334795943932,Severe,Dry,Clear,Night
38.447283339611815,-121.9815919780548,Severe,Icy,Clear,Morning
37.65335140311608,-122.34983099918296,Moderate,Dry,Clear,Morning
38.0862298320168,-121.76256623127851,Severe,Dry,Snowy,Evening
38.00588867888447,-121.98777807918732,Minor,Dry,Clear,Night
38.11145423543465,-121.81977222079165,Minor,Wet,Clear,Night
37.51811018382084,-122.45832709939762,Minor,Dry,Clear,Afternoon
38.372123908944154,-122.41520798395419,Minor,Dry,Clear,Evening
38.432118282483614,-121.78367661193732,Minor,Dry,Clear,Morning
38.06513318358921,-122.42791566400133,Moderate,Dry,Rainy,Night
38.196650823876894,-122.42874327223474,Severe,Dry,Clear,Night
38.422499381177296,-122.48789152476512,Minor,Dry,Rainy,Morning
38.2072386343134,-121.54349860170052,Moderate,Dry,Clear,Morning
37.65253904291426,-121.76249164054099,Severe,Wet,Clear,Morning
38.076288360166814,-122.14674859149794,Severe,Wet,Foggy,Morning
38.10671504638285,-122.20346441871234,Severe,Icy,Clear,Night
37.924130671302386,-122.15029677025414,Minor,Dry,Rainy,Afternoon
38.236444235624724,-121.72534646881881,Severe,Icy,Clear,Morning
38.434367014769016,-121.83862938892959,Moderate,Dry,Clear,Afternoon
38.42556851290678,-122.31480443213253,Minor,Dry,Snowy,Night
37.95083937140413,-122.32589066466592,Minor,Dry,Clear,Evening
37.61323804584075,-122.4016043502866,Moderate,Dry,Foggy,Afternoon
38.484841198962336,-121.83969728029867,Minor,Dry,Clear,Morning
38.33889808644594,-121.73562733777827,Moderate,Dry,Foggy,Night
37.62466268120327,-122.23495357167499,Moderate,Dry,Clear,Night
38.420841882617374,-122.4790550389691,Minor,Dry,Clear,Morning
38.36989636206213,-122.41782833252357,Minor,Dry,Rainy,Morning
38.018838057126075,-121.53213996515497,Moderate,Dry,Foggy,Morning
38.091275435744926,-122.20455522252259,Minor,Dry,Foggy,Morning
37.89900270387013,-121.73077685216187,Minor,Wet,Rainy,Afternoon
37.55476163882203,-121.87533643114574,Minor,Wet,Foggy,Night
37.8351972416459,-122.1180603603471,Minor,Dry,Clear,Afternoon
38.302853448598015,-122.29431273780445,Severe,Dry,Clear,Night
37.5046320230046,-122.3786135818406,Minor,Dry,Clear,Afternoon
37.833499171691145,-121.88498703196113,Moderate,Wet,Clear,Evening
37.89816869359095,-121.72536621936221,Minor,Dry,Clear,Evening
38.03739560293792,-121.85609574645886,Minor,Dry,Clear,Morning
38.41985561641276,-121.96969786675083,Moderate,Dry,Clear,Afternoon
37.84634599436596,-122.45804877656836,Moderate,Dry,Rainy,Evening
37.84695320189623,-121.53151122240561,Minor,Dry,Clear,Morning
38.23750124810975,-121.70128580834543,Minor,Wet,Clear,Afternoon
37.95221794088981,-122.20717796329903,Minor,Dry,Clear,Afternoon
37.72460482293998,-121.52002967064115,Minor,Dry,Rainy,Night
37.95243951613269,-121.89811841036368,Moderate,Wet,Rainy,Afternoon
37.6408570203798,-121.91757734179275,Minor,Wet,Rainy,Night
37.67638698650622,-121.75192682057047,Minor,Dry,Clear,Afternoon
37.99836777273948,-121.68823021190987,Minor,Dry,Clear,Evening
37.91892544950455,-121.84352139266849,Severe,Dry,Clear,Afternoon
38.4148459010681,-122.3719042536338,Severe,Wet,Clear,Night
37.86239389911663,-122.1617324940055,Minor,Dry,Clear,Afternoon
38.08058835027804,-121.57191635967395,Moderate,Wet,Clear,Evening
38.13226428791953,-122.27538438815616,Minor,Dry,Clear,Evening
37.513094456588334,-122.12783297616248,Minor,Dry,Snowy,Afternoon
38.16353737201671,-122.0679231170558,Moderate,Dry,Snowy,Morning
37.67803596686975,-122.06059501030555,Severe,Dry,Clear,Morning
38.461070317469456,-121.88706041750548,Severe,Dry,Clear,Morning
37.64866272775311,-121.5569241622553,Minor,Dry,Clear,Night
37.91462412372702,-122.25930728816749,Minor,Dry,Clear,Morning
37.58534966807864,-122.37849862369909,Moderate,Icy,Foggy,Morning
38.496874251845945,-122.30252951014006,Minor,Dry,Clear,Evening
38.00219501033124,-121.61307509979073,Minor,Wet,Rainy,Afternoon
38.09538501732004,-121.8541891873448,Minor,Dry,Clear,Afternoon
37.567076477388426,-122.21409321076084,Moderate,Dry,Snowy,Morning
38.24996047039918,-121.68405306103138,Minor,Dry,Clear,Night
37.709905593095584,-121.63863000363656,Minor,Dry,Rainy,Night
38.398054289440715,-121.65348566130972,Severe,Wet,Clear,Night
37.70513964048201,-121.58107346636045,Minor,Dry,Rainy,Afternoon
37.69068772066367,-122.24775897982664,Minor,Dry,Clear,Evening
37.53654966784809,-121.74495807125372,Minor,Dry,Clear,Morning
37.97206694511,-122.03946050272586,Minor,Dry,Foggy,Morning
38.06484113326262,-121.65800144710994,Minor,Dry,Foggy,Morning
37.56570863942835,-121.77150932283838,Minor,Wet,Foggy,Afternoon
38.27552761669501,-121.72355255350027,Moderate,Wet,Rainy,Afternoon
37.95328883474803,-121.84383816231893,Minor,Dry,Rainy,Afternoon
38.02439026932758,-122.32257123053029,Severe,Dry,Clear,Morning
37.940762746938226,-121.95497308110306,Minor,Dry,Clear,Afternoon
37.90076306087533,-121.5153302604755,Minor,Dry,Clear,Evening
38.059640331308216,-121.56261193350288,Minor,Dry,Rainy,Afternoon
37.65524024593071,-122.45682626420299,Minor,Dry,Clear,Evening
37.68192813049527,-122.33518518427056,Moderate,Dry,Clear,Morning
38.36178562101352,-122.36827122654543,Minor,Dry,Clear,Night
38.44611546213363,-121.7740200900147,Minor,Dry,Rainy,Afternoon
37.87330931627975,-121.68221467014305,Moderate,Dry,Clear,Morning
37.770744673143554,-122.28648863368933,Severe,Dry,Clear,Morning
38.14399954323902,-121.99414730704817,Moderate,Dry,Clear,Evening
37.9087341710981,-121.6592969719888,Minor,Wet,Clear,Night
37.525386355660345,-121.76719845523375,Moderate,Dry,Clear,Afternoon
37.65615259736619,-121.95776279450816,Minor,Dry,Rainy,Morning
38.2159722288474,-121.90965230954123,Minor,Dry,Rainy,Night
38.15892394191015,-121.99163945308372,Minor,Wet,Rainy,Evening
37.52709599250348,-122.20245154868118,Minor,Dry,Clear,Afternoon
37.721972161932946,-121.93497800714098,Minor,Dry,Rainy,Afternoon
37.73107479658807,-121.8111146979499,Minor,Dry,Clear,Morning
38.171892743598725,-121.62667708413919,Moderate,Wet,Clear,Evening
37.519710537754364,-121.86370864602075,Minor,Icy,Rainy,Afternoon
37.604108581984576,-121.73887846295685,Minor,Dry,Clear,Night
38.29991608537319,-122.33992836504542,Minor,Wet,Clear,Afternoon
37.678544662054335,-122.03844252558021,Severe,Wet,Foggy,Afternoon
38.152746107851875,-122.4906683801729,Minor,Wet,Clear,Afternoon
37.738182781046724,-122.25332113547837,Minor,Dry,Rainy,Night
37.599441392759346,-121.773538284887,Moderate,Dry,Clear,Night
37.74317219099945,-121.50819004865063,Moderate,Dry,Rainy,Afternoon
38.22226693185566,-122.40082190041278,Minor,Wet,Clear,Evening
38.35569646810629,-122.09850568413871,Moderate,Dry,Clear,Afternoon
38.33021986456699,-121.69992903130084,Moderate,Dry,Rainy,Afternoon
37.89718352961845,-122.2959643653711,Moderate,Dry,Clear,Morning
38.168085136570646,-121.94491505069772,Minor,Wet,Clear,Afternoon
37.70498429541582,-121.76692870397032,Moderate,Wet,Clear,Morning
37.79314773026101,-121.88401454973982,Minor,Dry,Clear,Night
38.396335818521116,-122.31197526538459,Minor,Wet,Clear,Afternoon
37.513001923510735,-122.14461543131426,Minor,Dry,Clear,Night
37.58550853085447,-121.7162082155146,Minor,Wet,Foggy,Afternoon
37.70788625514603,-121.94577348586799,Minor,Dry,Clear,Evening
37.52653220387382,-122.49477038645709,Moderate,Dry,Clear,Afternoon
37.681435435089796,-121.7390092399719,Minor,Wet,Clear,Morning
38.08304156096969,-122.46468864505977,Minor,Dry,Clear,Afternoon
37.9214245505925,-121.75426621726876,Minor,Wet,Foggy,Morning
38.39267171107697,-122.29751943983476,Minor,Dry,Clear,Evening
38.31744356173844,-121.54192651988062,Severe,Dry,Snowy,Afternoon
37.84181735169788,-122.13205924869791,Minor,Dry,Clear,Evening
37.759423433431294,-122.17306838366193,Minor,Dry,Rainy,Morning
37.879692408167266,-122.35111194966755,Minor,Dry,Clear,Morning
38.09029494251481,-122.19439578450978,Minor,Dry,Foggy,Afternoon
37.768063640822874,-121.6233492381718,Minor,Dry,Clear,Night
38.12414890784913,-121.50366566237275,Moderate,Dry,Clear,Evening
37.90941165219124,-122.13169046949315,Severe,Icy,Clear,Afternoon
38.05204718085198,-122.05138936904545,Minor,Icy,Clear,Afternoon
37.936126529135315,-121.77792906179727,Moderate,Dry,Foggy,Morning
37.794465759541914,-121.61380421953493,Moderate,Wet,Clear,Night
38.44845330696216,-121.90695566581321,Moderate,Dry,Clear,Evening
38.26360579415976,-122.10847430182217,Minor,Dry,Rainy,Morning
37.64011317576645,-122.08737815915137,Minor,Wet,Clear,Afternoon
38.368467975897914,-121.80438185350319,Minor,Wet,Snowy,Morning
37.98743119824951,-122.49678173639572,Moderate,Dry,Rainy,Night
38.39455222689409,-121.88041066254016,Moderate,Wet,Clear,Morning
38.299855255947314,-122.14450698955864,Minor,Dry,Foggy,Evening
37.925213504469234,-121.70580266872291,Minor,Icy,Clear,Morning
37.52246930832012,-122.40700936017687,Severe,Dry,Clear,Evening
37.768677359384945,-121.91179773305161,Moderate,Dry,Clear,Evening
38.04163421466087,-122.01902711011388,Severe,Dry,Clear,Evening
38.133478219826145,-121.85767447409478,Moderate,Dry,Rainy,Evening
37.757887685433204,-122.43514640551703,Minor,Dry,Foggy,Night
37.63935607407282,-121.92001621257187,Minor,Wet,Clear,Morning
38.3349302367993,-121.93851541204047,Moderate,Dry,Clear,Afternoon
38.484402180703555,-121.93933990558384,Minor,Dry,Snowy,Morning
38.02569018230268,-121.89651233340355,Minor,Dry,Clear,Night
37.671679285848306,-121.82353206277364,Moderate,Dry,Clear,Afternoon
37.77230732651937,-121.69501100031923,Minor,Dry,Clear,Evening
37.51839067654747,-122.23017927987179,Moderate,Dry,Foggy,Evening
38.4142988065605,-121.67495058981994,Minor,Dry,Clear,Morning
37.61775108289014,-122.00174431773655,Severe,Dry,Rainy,Morning
38.076516475514254,-122.42294172086567,Minor,Dry,Rainy,Morning
37.7740552206872,-122.44144907075602,Minor,Wet,Clear,Afternoon
38.05417800251579,-122.16576168130393,Moderate,Wet,Clear,Morning
38.151420388351866,-121.71510302288853,Minor,Dry,Rainy,Morning
38.3297418037072,-121.79231906525908,Moderate,Dry,Clear,Night
37.706421271760604,-121.7113850353276,Moderate,Dry,Rainy,Night
37.51099582865848,-121.9827309435584,Minor,Dry,Foggy,Afternoon
37.636885630068804,-122.05980100204451,Minor,Dry,Rainy,Afternoon
38.400018641848106,-122.35254747329371,Minor,Dry,Rainy,Morning
38.373890077562514,-122.17180724639069,Minor,Dry,Rainy,Evening
38.09741310217031,-122.06598063382613,Severe,Dry,Rainy,Night
38.10051686043365,-122.41139957032038,Moderate,Dry,Clear,Morning
38.16503667454626,-122.27938804728879,Moderate,Wet,Clear,Morning
37.67537127862345,-121.90177470593626,Moderate,Icy,Clear,Evening
38.41441194592496,-121.76433688576081,Minor,Dry,Rainy,Evening
37.918770524892075,-121.50165248860705,Severe,Dry,Clear,Morning
37.883138528249496,-121.56688666865644,Moderate,Wet,Rainy,Evening
38.01891770528284,-121.8574348004648,Moderate,Wet,Clear,Afternoon
37.546965966775055,-122.07875194670592,Moderate,Dry,Rainy,Afternoon
37.666283368756076,-121.86382263529177,Minor,Dry,Clear,Evening
38.23803361642637,-121.71434838191976,Moderate,Dry,Rainy,Night
37.582798667925125,-122.38166380907661,Minor,Dry,Clear,Afternoon
38.103152109466386,-122.09009511030371,Minor,Dry,Clear,Night
37.74534910968132,-121.66019771436439,Minor,Dry,Clear,Afternoon
37.88929561404198,-122.11616704806696,Severe,Dry,Rainy,Evening
37.788693736770696,-121.92812772877281,Moderate,Dry,Clear,Afternoon
37.85567271646495,-121.9122306391378,Moderate,Wet,Clear,Night
38.219045905184245,-122.31552374686636,Moderate,Dry,Snowy,Night
37.79712171562318,-122.13776455834771,Minor,Dry,Rainy,Morning
38.066404640296895,-122.16548871125806,Severe,Dry,Snowy,Night
37.9760504021991,-122.47380329146793,Minor,Dry,Clear,Night
38.16367116536265,-122.47580823610865,Minor,Icy,Clear,Evening
38.43682973932476,-121.66830295632423,Minor,Dry,Foggy,Morning
38.23257209721025,-122.22692919002719,Moderate,Dry,Clear,Night
37.714940378590754,-121.98192123376118,Moderate,Wet,Rainy,Night
37.53118313506128,-122.20127442641123,Minor,Dry,Clear,Morning
37.762264044299826,-121.55932075488467,Minor,Wet,Clear,Night
38.095077930700256,-122.24070324113423,Moderate,Dry,Clear,Morning
37.55142581348425,-122.07034318726106,Minor,Dry,Clear,Morning
37.99636624720124,-121.62726974951539,Moderate,Dry,Clear,Afternoon
38.096842848916886,-121.65806643320819,Severe,Dry,Clear,Afternoon
37.834243890816964,-122.31389858215373,Minor,Wet,Snowy,Evening
38.27091220374582,-121.69735669020429,Minor,Wet,Clear,Morning
37.606598253133775,-122.04181311326211,Moderate,Dry,Rainy,Night
37.57513778173581,-122.01703112791465,Moderate,Dry,Rainy,Morning
38.2281887562036,-122.36652002758406,Minor,Wet,Clear,Morning
37.9954913162062,-122.41939848624287,Severe,Wet,Clear,Morning
38.18840239642773,-121.77206069302623,Minor,Dry,Rainy,Afternoon
37.934827338603746,-122.0035388476447,Minor,Dry,Rainy,Night
37.74640203323911,-122.06314929738483,Moderate,Dry,Rainy,Evening
38.3191023176742,-121.77049177134761,Moderate,Wet,Rainy,Night
38.29941587896898,-121.7344871010089,Minor,Dry,Snowy,Morning
38.194696470854424,-122.34109183233065,Moderate,Dry,Clear,Afternoon
37.77214513722996,-121.88977485052236,Minor,Wet,Clear,Afternoon
38.09023066686909,-122.36464591772231,Minor,Dry,Rainy,Afternoon
37.860973896940024,-121.74862491397096,Minor,Dry,Clear,Morning
37.591582073326634,-121.84304484373286,Moderate,Dry,Foggy,Evening
38.417313575462245,-121.54338537891654,Minor,Dry,Clear,Afternoon
37.63681863091896,-122.43104198364358,Minor,Dry,Clear,Evening
38.4502373538208,-122.44294527884874,Minor,Dry,Rainy,Afternoon
37.94600577295795,-122.2178129253068,Moderate,Dry,Clear,Morning
